Show,Country
Jeopardy,USA
Fargo,USA
Bob's Burgers,USA
Taskmaster,UK
Top Gear,UK
Poker Face,USA
Shogun,USA
Curb Your Enthusiasm,USA
Broad City,USA
Joe Pera Talks with You,USA
How To with John Wilson,USA
Barry,USA
Always Sunny,USA
Patriot (2015),USA
Would I Lie to You?,UK
Better Call Saul,USA
Sopranos,USA
Seinfeld,USA
The Ricky Gervais Show,UK
Pushing Daisies,USA
Louie,USA
The Wire,USA
Veep,USA
Extras,UK
Rick Mercer Report,Canada
American Vandal,USA
Freaks and Geeks,USA
Father Ted,Ireland
Would I Lie to You,UK
Car Talk,USA
Peanuts,USA
QI,UK
University Challenge,UK
Columbo,USA
Documentary Now!,USA
The Rehearsal,USA
Pride and Prejudice,UK
